000,http://wein-fuer-laien.de/?page_id=1493
001,http://wein-fuer-laien.de/?page_id=1493
010,http://wein-fuer-laien.de/?page_id=1493
011,http://wein-fuer-laien.de/?page_id=1493
002,http://wein-fuer-laien.de/?page_id=1493
020,http://wein-fuer-laien.de/?page_id=1493
022,http://wein-fuer-laien.de/?page_id=1493
012,http://wein-fuer-laien.de/?page_id=1493
021,http://wein-fuer-laien.de/?page_id=1493
111,http://wein-fuer-laien.de/?page_id=1493
101,http://wein-fuer-laien.de/?page_id=1493
110,http://wein-fuer-laien.de/?page_id=1493
111,http://wein-fuer-laien.de/?page_id=1493
102,http://wein-fuer-laien.de/?page_id=1493
120,http://wein-fuer-laien.de/?page_id=1493
122,http://wein-fuer-laien.de/?page_id=1493
112,http://wein-fuer-laien.de/?page_id=1493
121,http://wein-fuer-laien.de/?page_id=1493
122,http://wein-fuer-laien.de/?page_id=1493
211,http://wein-fuer-laien.de/?page_id=1493
201,http://wein-fuer-laien.de/?page_id=1493
210,http://wein-fuer-laien.de/?page_id=1493
211,http://wein-fuer-laien.de/?page_id=1493
202,http://wein-fuer-laien.de/?page_id=1493
220,http://wein-fuer-laien.de/?page_id=1493
222,http://wein-fuer-laien.de/?page_id=1493
212,http://wein-fuer-laien.de/?page_id=1493
221,http://wein-fuer-laien.de/?page_id=1493
222,http://wein-fuer-laien.de/?page_id=1493
